,Site,Col_company,Col_Recruit,Col_detail,Col_url
0,JobKorea,더치트주식회사,데이터 애널리스트 /데이터분석전문가 / 통계 전문가 / Data Analyst (통,경력무관대졸↑정규직 외서울 구로구D-22,https://www.jobkorea.co.kr/virtual/Recruit/GI_Read/46668510?Oem_Code=C1&logpath=1&stext=데이터분석&listno=1
1,JobKorea,넛지헬스케어㈜,[캐시워크-병역특례]데이터분석담당 산업기능요원,경력무관학력무관병역특례서울 강남구D-5,https://www.jobkorea.co.kr/virtual/Recruit/GI_Read/46570518?Oem_Code=C1&logpath=1&stext=데이터분석&listno=2
2,JobKorea,㈜메디젠휴먼케어,메디젠휴먼케어데이터분석담당 경력직 채용,경력3년↑석사↑정규직서울 송파구D-39,https://www.jobkorea.co.kr/virtual/Recruit/GI_Read/46590042?Oem_Code=C1&logpath=1&stext=데이터분석&listno=3
3,JobKorea,넛지헬스케어㈜,[캐시워크]데이터분석담당 채용전환형 인턴,신입대졸↑인턴서울 강남구D-8,https://www.jobkorea.co.kr/virtual/Recruit/GI_Read/46586706?Oem_Code=C1&logpath=1&stext=데이터분석&listno=4
4,JobKorea,연이,데이터분석준전문가 자격증 온라인 강의 교사 채용,경력2년↑학력무관프리랜서서울 광진구D-28,https://www.jobkorea.co.kr/virtual/Recruit/GI_Read/46706259?Oem_Code=C1&logpath=1&stext=데이터분석&listno=5
5,JobKorea,한패스㈜,[한패스(주)/데이터분석팀] Google Analytics데이터분석가,경력학력무관정규직서울 성동구D-4,https://www.jobkorea.co.kr/virtual/Recruit/GI_Read/46575616?Oem_Code=C1&logpath=1&stext=데이터분석&listno=6
6,JobKorea,휴먼교육센터,[국비무료/숙식무료]AI/빅데이터분석/풀스택/KDT심화(무료숙식제공),신입·경력학력무관연수생/교육생서울 영등포구 외D-3,https://www.jobkorea.co.kr/virtual/Recruit/GI_Read/46589027?Oem_Code=C1&logpath=1&stext=데이터분석&listno=7
7,JobKorea,(주)상상에프앤비,배달전문 프랜차이즈 기업 상상에프앤비 배달앱데이터분석전문가 채용,경력학력무관정규직경기 남양주시D-12,https://www.jobkorea.co.kr/virtual/Recruit/GI_Read/46617537?Oem_Code=C1&logpath=1&stext=데이터분석&listno=8
8,JobKorea,㈜케이씨지소프트,모빌리티 플랫폼을 혁신할 기술영업 전문가와데이터분석전문가,경력3년↑초대졸↑정규직서울 성동구상시채용,https://www.jobkorea.co.kr/virtual/Recruit/GI_Read/46438655?Oem_Code=C1&logpath=1&stext=데이터분석&listno=9
9,JobKorea,㈜메이크인,[자체직전환/신입가능/여의도]나이스평가정보데이터분석채용,경력무관초대졸↑계약직 외서울 영등포구 외D-3,https://www.jobkorea.co.kr/virtual/Recruit/GI_Read/46653728?Oem_Code=C1&logpath=1&stext=데이터분석&listno=10
10,JobKorea,㈜이젠아카데미,ADSP자격증 빅데이터분석주말(토요일) 강의 강사님 채용,신입·경력초대졸↑정규직 외서울 서초구 외D-6,https://www.jobkorea.co.kr/virtual/Recruit/GI_Read/46395047?Oem_Code=C1&logpath=1&stext=데이터분석&listno=11
11,JobKorea,한국정보기술㈜,[한국정보기술(주)] 수도권본부-교통센터데이터분석인력 채용,경력무관학력무관계약직경기 성남시D-2,https://www.jobkorea.co.kr/virtual/Recruit/GI_Read/46544770?Oem_Code=C1&logpath=1&stext=데이터분석&listno=12
12,JobKorea,부산대학교 지능물류빅데이터연구소,[부산대KDT]개발자과정교육생모집(AI데이터분석풀스택웹개발자양성과정),신입대졸↑정규직부산 금정구상시채용,https://www.jobkorea.co.kr/virtual/Recruit/GI_Read/46467878?Oem_Code=C1&logpath=1&stext=데이터분석&listno=13
13,JobKorea,㈜큐핏,보험 상품 업무 및데이터분석신입 및 경력사원 채용,신입·경력2년↑대졸↑정규직서울 종로구D-8,https://www.jobkorea.co.kr/virtual/Recruit/GI_Read/46699374?Oem_Code=C1&logpath=1&stext=데이터분석&listno=14
14,JobKorea,㈜파오스파트너스,"(주)파오스파트너스 -DB관리, DB생성, DB분석 채용",경력무관초대졸↑정규직서울 용산구D-14,https://www.jobkorea.co.kr/virtual/Recruit/GI_Read/46448573?Oem_Code=C1&logpath=1&stext=데이터분석&listno=15
15,JobKorea,글로빛㈜,"[글로빛] 빅데이터분석,AI(머신러닝,딥러닝) 가능한 박사님 모십니다",경력무관박사↑프리랜서서울 서초구상시채용,https://www.jobkorea.co.kr/virtual/Recruit/GI_Read/46543478?Oem_Code=C1&logpath=1&stext=데이터분석&listno=16
16,JobKorea,잡코리아(유),[잡코리아] 영업기획 담당 (3년 이상),경력3년↑학력무관정규직서울 서초구D-5,https://www.jobkorea.co.kr/virtual/Recruit/GI_Read/46651539?Oem_Code=C1&logpath=1&stext=데이터분석&listno=17
17,JobKorea,㈜써치엠,[마케팅지원팀-신입/경력] 매체정산/영업지원/데이터분석/매체커뮤니케이션,신입·경력초대졸↑정규직서울 강남구D-2,https://www.jobkorea.co.kr/virtual/Recruit/GI_Read/46542300?Oem_Code=C1&logpath=1&stext=데이터분석&listno=18
18,JobKorea,코웨이㈜,[코웨이]25년 3월 계약직 채용(데이터분석/업무지원/실험보조/품질관리),경력학력무관계약직서울 구로구상시채용,https://www.jobkorea.co.kr/virtual/Recruit/GI_Read/46526774?Oem_Code=C1&logpath=1&stext=데이터분석&listno=19
19,JobKorea,㈜싸이트플래닝건축사사무소,"도시공학&데이터분석공고 모집 (정규직, 경력직) [부산]",경력3년↑대졸↑정규직부산 동구D-15,https://www.jobkorea.co.kr/virtual/Recruit/GI_Read/46630575?Oem_Code=C1&logpath=1&stext=데이터분석&listno=20
20,JobKorea,㈜동성사,"[가구] 공무 및 공사관리, 시공현장/자재관리 (신입/경력)",신입·경력학력무관정규직경기 외D-5,
21,JobKorea,㈜케이에스메이트,웰컴금융타워 시설주임 채용(3교대 근무),경력학력무관계약직서울D-19,
22,JobKorea,㈜Korea Instrument,각 부문별 정규직 채용,경력무관고졸↑정규직경기D-11,
23,JobKorea,㈜비알팜,생산관리/생산부/제조생산/구매/QA/공무/웹 관리자 신입/경력 채용,신입·경력학력무관정규직 외강원D-15,
24,JobKorea,새론이엔에이 주식회사,"[삼성에어솔루션] 공조/기계/소방 설비,영업,공무 담당자 채용",신입·경력학력무관정규직서울 외D-17,
25,JobKorea,CJ,2025년 CJ그룹 신입사원 모집,신입대졸↑정규직서울 외D-2,
26,JobKorea,한화세미텍㈜,[한화세미텍] 2025년 각 부문 경력직 채용,경력학력무관정규직경기 외오늘마감,
27,JobKorea,(주)섹타나인,[SPC그룹] 경영기획 담당자 수시 채용,신입·경력대졸↑정규직서울D-2,
28,JobKorea,서울시복지재단,재단법인 서울시복지재단 제1차 정규직(신입) 직원 채용 공고,신입학력무관정규직서울오늘마감,
29,JobKorea,삼성중공업㈜,경력사원 채용 - 경영지원,경력정규직경남 외D-8,
30,JobKorea,,2025년 상반기 라인그룹 경력/신입 공개채용,D-12,
31,JobKorea,,2025년 신입/경력사원 채용,D-13,
32,JobKorea,,2025년 각 부문 채용,D-12,
33,JobKorea,,2025년 상반기 신입/경력 공개채용,D-9,
34,JobKorea,,2025년 상반기 부문별 대졸 신입사원 채용,D-13,
35,JobKorea,,2025 신입 및 경력 채용,D-20,
36,JobKorea,,신입 및 경력 사원 채용,D-30,
37,JobKorea,,각 부문별 신입/경력 채용,D-29,
38,JobKorea,"#연구보조 및 측정,증량작업#고졸및전문대졸까지#연구보조","광학필름 연구보조 분석,측정 및 배합액 레진 작업등, 초보가능 급급","연봉29,000,000원경기 오산시 오산동등록일 8시간전마감일 상시모집",
39,JobKorea,휴먼교육센터,[국비무료/기숙사무료] AI심화/데이터분석/인공지능/풀스택(무료숙식제공),충남 아산시 배방읍등록일 3/30D-3,
40,JobKorea,휴먼교육센터,[국비무료/기숙사무료] AI심화/데이터분석/인공지능/풀스택(무료숙식제공),경기 안산시 상록구 본오동등록일 3/30D-3,
41,JobKorea,인터프로셀㈜,[성수/외국계기업] 환경분석 시험보조 채용,"월급2,096,270원서울 성동구 성수동2가등록일 2시간전D-4",
42,JobKorea,디오브이매니지먼트 코리아 유한책임회사,"시장분석부터 딜소싱까지, AI/기술 기반 비즈니스 컨설턴트 모집","건별10,030원서울 강남구 삼성동등록일 3/27마감일 상시모집",
43,JobKorea,뉴클리어엔지니어링,야외추적자실험 지원 및 GC분석,"월급2,096,270원대전 유성구 구룡동등록일 3/31마감일 상시모집",
44,JobKorea,데이터분석,[SK자회사/2개월 단기] 데이터 분석 및 수집 아르바이트 직원 채용,"월급2,096,270원서울 강남구 삼성동등록일 3/29마감일 상시모집",
45,JobKorea,비앤브이솔루션 주식회사,"인천지역 중, 고등학교 빅데이터 / 인공지능 강사 모집 +[강사풀 등록]","시급30,000원인천 계양구 박촌동등록일 3/24D-3",
46,JobKorea,"#연구보조 및 측정,증량작업#고졸및전문대졸까지#경력쌓기",광학필름 연구보조 및 레진 실험 준비 및 측정등 보조업무 초보가능,"연봉29,000,000원경기 오산시 오산동등록일 3/24마감일 상시모집",
47,JobKorea,"#연구보조 및 측정,증량작업#고졸및전문대졸까지#경력쌓기",필름배합액 연구보조 및 레진 실험 준비 및 측정등 보조업무 초보가능,"연봉29,000,000원경기 평택시 진위면등록일 3/24마감일 상시모집",
48,JobKorea,㈜메트릭스,[주1회 재택지원/사무보조] 데이터 분석 및 온라인 모니터링 담당자 채용,"월급2,400,000원서울 서초구 양재동등록일 3/22D-6",
49,JobKorea,"#연구보조 및 측정,증량작업#고졸및전문대졸까지#연구보조","광학필름 연구보조 분석,측정 및 배합액 레진 작업등, 초보가능 급급","연봉29,000,000원경기 평택시 진위면등록일 3/31마감일 상시모집",
50,JobKorea,휴먼교육센터,[국비무료/기숙사무료] AI심화/데이터분석/인공지능/풀스택(무료숙식제공),경기 수원시 영통구 이의동등록일 3/30D-3,
